{"cameraMode":{"drawMode":0,"name":"Shaded","section":"Shading Mode"},"sceneLighting":false,"audioPlay":false,"sceneViewState":{"m_AlwaysRefresh":false,"showFog":true,"showSkybox":false,"showFlares":true,"showImageEffects":true,"showParticleSystems":true,"showVisualEffectGraphs":true,"m_FxEnabled":true},"in2DMode":false,"pivot":{"x":0.20499999821186067,"y":0.7688619494438171,"z":0.780260443687439},"rotation":{"x":-0.002377536380663514,"y":0.7929248213768005,"z":-0.0030886305030435325,"w":-0.6093226075172424},"size":0.4830779731273651,"orthographic":false}