{"cameraMode":{"drawMode":0,"name":"Shaded","section":"Shading Mode"},"sceneLighting":false,"audioPlay":false,"sceneViewState":{"m_AlwaysRefresh":false,"showFog":true,"showSkybox":false,"showFlares":true,"showImageEffects":true,"showParticleSystems":true,"showVisualEffectGraphs":true,"m_FxEnabled":true},"in2DMode":false,"pivot":{"x":0.2955544888973236,"y":-0.08610010147094727,"z":1.3107717037200928},"rotation":{"x":-0.17132262885570527,"y":0.5540019273757935,"z":-0.11772672086954117,"w":-0.8061563968658447},"size":1.8526036739349366,"orthographic":false}