{"cameraMode":{"drawMode":0,"name":"Shaded","section":"Shading Mode"},"sceneLighting":false,"audioPlay":false,"sceneViewState":{"m_AlwaysRefresh":false,"showFog":true,"showSkybox":false,"showFlares":true,"showImageEffects":true,"showParticleSystems":true,"showVisualEffectGraphs":true,"m_FxEnabled":true},"in2DMode":false,"pivot":{"x":4.819995880126953,"y":4.362892150878906,"z":7.255001068115234},"rotation":{"x":-0.004522609990090132,"y":-0.9946460127830505,"z":0.04958433285355568,"w":-0.09065580368041992},"size":17.777978897094728,"orthographic":false}