{"cameraMode":{"drawMode":0,"name":"Shaded","section":"Shading Mode"},"sceneLighting":false,"audioPlay":false,"sceneViewState":{"m_AlwaysRefresh":false,"showFog":true,"showSkybox":false,"showFlares":true,"showImageEffects":true,"showParticleSystems":true,"showVisualEffectGraphs":true,"m_FxEnabled":true},"in2DMode":false,"pivot":{"x":-5.960464477539063e-8,"y":0.003350569400936365,"z":2.384185791015625e-7},"rotation":{"x":-0.10874384641647339,"y":-0.884408712387085,"z":0.2570990025997162,"w":-0.37413814663887026},"size":0.8387652635574341,"orthographic":false}