{"cameraMode":{"drawMode":0,"name":"Shaded","section":"Shading Mode"},"sceneLighting":false,"audioPlay":false,"sceneViewState":{"m_AlwaysRefresh":false,"showFog":false,"showSkybox":false,"showFlares":false,"showImageEffects":false,"showParticleSystems":false,"showVisualEffectGraphs":true,"m_FxEnabled":true},"in2DMode":false,"pivot":{"x":-0.026546701788902284,"y":1.0032261610031129,"z":0.038478389382362369},"rotation":{"x":0.0750437080860138,"y":0.6578835844993591,"z":-0.06613683700561524,"w":0.7464599013328552},"size":1.2232311964035035,"orthographic":false}