{"cameraMode":{"drawMode":0,"name":"Shaded","section":"Shading Mode"},"sceneLighting":true,"audioPlay":false,"sceneViewState":{"m_AlwaysRefresh":false,"showFog":true,"showSkybox":false,"showFlares":true,"showImageEffects":true,"showParticleSystems":true,"showVisualEffectGraphs":true,"m_FxEnabled":true},"in2DMode":false,"pivot":{"x":32.05365753173828,"y":3.455674648284912,"z":-1.670058250427246},"rotation":{"x":0.18935491144657136,"y":0.0014627114869654179,"z":-0.0003340521070640534,"w":0.9819337129592896},"size":20.309804916381837,"orthographic":false}