{"cameraMode":{"drawMode":0,"name":"Shaded","section":"Shading Mode"},"sceneLighting":false,"audioPlay":false,"sceneViewState":{"m_AlwaysRefresh":false,"showFog":false,"showSkybox":false,"showFlares":false,"showImageEffects":false,"showParticleSystems":false,"showVisualEffectGraphs":true,"m_FxEnabled":true},"in2DMode":false,"pivot":{"x":0.02049344778060913,"y":0.9968568682670593,"z":0.08244505524635315},"rotation":{"x":0.0750437080860138,"y":0.6578835844993591,"z":-0.06613683700561524,"w":0.7464599013328552},"size":1.2610950469970704,"orthographic":false}