{"cameraMode":{"drawMode":0,"name":"Shaded","section":"Shading Mode"},"sceneLighting":false,"audioPlay":false,"sceneViewState":{"showFog":true,"showMaterialUpdate":false,"showSkybox":false,"showFlares":true,"showImageEffects":true,"showParticleSystems":true},"in2DMode":false,"pivot":{"x":36.45344543457031,"y":5.53000020980835,"z":-12.027030944824219},"rotation":{"x":-0.004997598472982645,"y":-0.9922915101051331,"z":0.04259273782372475,"w":-0.11633292585611344},"size":8.656872749328614,"orthographic":false}