{"cameraMode":{"drawMode":0,"name":"Shaded","section":"Shading Mode"},"sceneLighting":false,"audioPlay":false,"sceneViewState":{"m_AlwaysRefresh":false,"showFog":true,"showSkybox":false,"showFlares":true,"showImageEffects":true,"showParticleSystems":true,"showVisualEffectGraphs":true,"m_FxEnabled":true},"in2DMode":false,"pivot":{"x":-5.833523273468018,"y":4.292079925537109,"z":0.13878250122070313},"rotation":{"x":0.05218923091888428,"y":-0.9408400058746338,"z":0.2882656455039978,"w":0.17033636569976808},"size":10.144360542297364,"orthographic":false}