{"cameraMode":{"drawMode":0,"name":"Shaded","section":"Shading Mode"},"sceneLighting":true,"audioPlay":false,"sceneViewState":{"m_AlwaysRefresh":false,"showFog":true,"showSkybox":false,"showFlares":true,"showImageEffects":true,"showParticleSystems":true,"showVisualEffectGraphs":true,"m_FxEnabled":true},"in2DMode":false,"pivot":{"x":40.876556396484378,"y":4.582400798797607,"z":-5.285403251647949},"rotation":{"x":-0.03970173001289368,"y":-0.6205824613571167,"z":0.031488578766584399,"w":-0.7825077176094055},"size":4.4614362716674809,"orthographic":false}