{"cameraMode":{"drawMode":0,"name":"Shaded","section":"Shading Mode"},"sceneLighting":false,"audioPlay":false,"sceneViewState":{"m_AlwaysRefresh":false,"showFog":true,"showSkybox":false,"showFlares":true,"showImageEffects":true,"showParticleSystems":true,"showVisualEffectGraphs":true,"m_FxEnabled":true},"in2DMode":false,"pivot":{"x":0.04467308521270752,"y":6.485014915466309,"z":7.873271942138672},"rotation":{"x":-0.008008403703570366,"y":-0.9734441637992859,"z":0.226191446185112,"w":-0.03446786850690842},"size":0.9276882410049439,"orthographic":false}