{"cameraMode":{"drawMode":0,"name":"Shaded","section":"Shading Mode"},"sceneLighting":false,"audioPlay":false,"sceneViewState":{"m_AlwaysRefresh":false,"showFog":true,"showSkybox":false,"showFlares":true,"showImageEffects":true,"showParticleSystems":true,"showVisualEffectGraphs":true,"m_FxEnabled":true},"in2DMode":false,"pivot":{"x":-2.5638391971588136,"y":6.130000114440918,"z":-0.518255352973938},"rotation":{"x":0.0010640246327966452,"y":0.7045554518699646,"z":0.0010571344755589963,"w":-0.7096513509750366},"size":7.217808246612549,"orthographic":false}